COD_PROV,provincia,sigla,regione,area_geografica,autobus,autocarri,autoveicoli_speciali,autovetture,motocarri,motocicli,motoveicoli_speciali,rimorchi_speciali,rimorchi_merci,trattori,non_definito,totale
1,Torino,TO,PIEMONTE,ITALIA NORD-OCCIDENTALE,2866,167336,42058,1582163,4872,250604,4407,3066,7145,5263,1,2069781
2,Vercelli,VC,PIEMONTE,ITALIA NORD-OCCIDENTALE,106,15012,2466,122399,448,19872,355,204,574,375,0,161811
3,Novara,NO,PIEMONTE,ITALIA NORD-OCCIDENTALE,419,27137,5450,252150,895,42256,561,585,1420,1064,0,331937
4,Cuneo,CN,PIEMONTE,ITALIA NORD-OCCIDENTALE,821,60553,14066,432178,1338,79284,2069,1861,5915,3024,0,601109
5,Asti,AT,PIEMONTE,ITALIA NORD-OCCIDENTALE,368,21775,3500,154034,552,28454,670,327,1134,610,0,211424
6,Alessandria,AL,PIEMONTE,ITALIA NORD-OCCIDENTALE,462,36158,6031,292730,1524,55519,934,3111,3037,3509,0,403015
7,Aosta,AO,VALLE D'AOSTA,ITALIA NORD-OCCIDENTALE,257,59421,4295,237162,3070,18158,526,204,429,257,0,323779
8,Imperia,IM,LIGURIA,ITALIA NORD-OCCIDENTALE,222,16244,2234,129304,3271,70220,290,164,223,187,1,222360
9,Savona,SV,LIGURIA,ITALIA NORD-OCCIDENTALE,417,22051,3458,171412,3092,81718,567,385,793,637,0,284530
10,Genova,GE,LIGURIA,ITALIA NORD-OCCIDENTALE,1350,41675,8583,418419,4104,237934,1047,2339,1972,2000,0,719423
11,La Spezia,SP,LIGURIA,ITALIA NORD-OCCIDENTALE,501,12443,2196,130963,1720,46662,241,524,554,601,0,196405
12,Varese,VA,LOMBARDIA,ITALIA NORD-OCCIDENTALE,563,50705,10315,610510,1530,105973,1095,969,1874,1485,0,785019
13,Como,CO,LOMBARDIA,ITALIA NORD-OCCIDENTALE,683,39618,6618,418799,1280,84693,900,529,1939,1326,0,556385
14,Sondrio,SO,LOMBARDIA,ITALIA NORD-OCCIDENTALE,278,17312,2497,121596,2681,27366,856,495,1112,858,0,175051
15,Milano,MI,LOMBARDIA,ITALIA NORD-OCCIDENTALE,5101,155995,32249,1854745,1927,396843,3407,6307,11546,8270,0,2476390
16,Bergamo,BG,LOMBARDIA,ITALIA NORD-OCCIDENTALE,1167,89751,14456,724724,1065,143804,1558,4201,8907,6231,1,995865
17,Brescia,BS,LOMBARDIA,ITALIA NORD-OCCIDENTALE,831,109275,18592,849305,2204,151027,2841,2382,8702,5945,1,1151105
18,Pavia,PV,LOMBARDIA,ITALIA NORD-OCCIDENTALE,504,37716,5635,364661,710,63736,1267,918,2029,1483,0,478659
19,Cremona,CR,LOMBARDIA,ITALIA NORD-OCCIDENTALE,197,24149,3764,232982,381,38504,438,907,2204,1439,0,304965
20,Mantova,MN,LOMBARDIA,ITALIA NORD-OCCIDENTALE,481,35714,7344,287811,384,51312,600,2793,4040,2750,0,393229
21,Bolzano,BZ,TRENTINO ALTO ADIGE,ITALIA NORD-ORIENTALE,1159,58388,11889,411523,1007,70087,1095,1313,5502,4241,0,566204
22,Trento,TN,TRENTINO ALTO ADIGE,ITALIA NORD-ORIENTALE,1351,132013,18639,879725,4012,71188,2119,2589,9438,4676,0,1125750
23,Verona,VR,VENETO,ITALIA NORD-ORIENTALE,1265,70703,14867,648187,764,128229,1162,4088,5919,5845,0,881029
24,Vicenza,VI,VENETO,ITALIA NORD-ORIENTALE,1048,68210,15855,603299,1213,103089,1252,2147,6465,3838,0,806416
25,Belluno,BL,VENETO,ITALIA NORD-ORIENTALE,384,17877,2955,140015,1393,21573,554,174,957,478,0,186360
26,Treviso,TV,VENETO,ITALIA NORD-ORIENTALE,1296,75106,14819,621087,797,88196,966,1864,7204,3887,0,815222
27,Venezia,VE,VENETO,ITALIA NORD-ORIENTALE,1453,46818,11421,492795,833,78770,734,2632,5755,3680,0,644891
28,Padova,PD,VENETO,ITALIA NORD-ORIENTALE,1171,70409,14171,633604,667,112967,970,2440,6732,5241,0,848372
29,Rovigo,RO,VENETO,ITALIA NORD-ORIENTALE,235,20035,3647,163763,217,24041,220,747,1491,1122,0,215518
30,Udine,UD,FRIULI VENEZIA GIULIA,ITALIA NORD-ORIENTALE,742,43519,7154,380087,1581,59133,903,638,3206,1724,0,498687
31,Gorizia,GO,FRIULI VENEZIA GIULIA,ITALIA NORD-ORIENTALE,224,7447,2140,92869,177,18273,97,102,911,456,0,122696
32,Trieste,TS,FRIULI VENEZIA GIULIA,ITALIA NORD-ORIENTALE,342,10985,3850,132105,628,53233,149,867,1457,1067,0,204683
33,Piacenza,PC,EMILIA ROMAGNA,ITALIA NORD-ORIENTALE,292,27645,4006,194704,311,34906,687,3104,4286,3558,0,273499
34,Parma,PR,EMILIA ROMAGNA,ITALIA NORD-ORIENTALE,629,36642,6515,307990,377,58307,1036,2091,3353,2982,0,419922
35,Reggio nell'Emilia,RE,EMILIA ROMAGNA,ITALIA NORD-ORIENTALE,348,66160,10863,421268,397,61335,1078,1119,2920,1992,2,567482
36,Modena,MO,EMILIA ROMAGNA,ITALIA NORD-ORIENTALE,1163,59891,10900,498279,569,73889,1138,1149,4073,2583,0,653634
37,Bologna,BO,EMILIA ROMAGNA,ITALIA NORD-ORIENTALE,1791,66821,14945,641387,898,140601,1354,1035,2744,2045,0,873621
38,Ferrara,FE,EMILIA ROMAGNA,ITALIA NORD-ORIENTALE,375,25797,5040,237086,309,36837,278,530,1969,1008,0,309229
39,Ravenna,RA,EMILIA ROMAGNA,ITALIA NORD-ORIENTALE,380,34560,6392,280957,612,54070,547,1444,2515,1761,0,383238
40,Forli'-Cesena,FC,EMILIA ROMAGNA,ITALIA NORD-ORIENTALE,620,35226,8246,270916,1180,56370,600,1531,2132,1941,0,378762
41,Pesaro e Urbino,PU,MARCHE,ITALIA CENTRALE,497,28619,4517,246969,1300,66985,628,379,1835,840,0,352569
42,Ancona,AN,MARCHE,ITALIA CENTRALE,640,31554,6927,317748,897,70292,606,710,1575,1087,0,432036
43,Macerata,MC,MARCHE,ITALIA CENTRALE,733,31885,6564,224658,1021,40236,617,556,2348,1314,0,309932
44,Ascoli Piceno,AP,MARCHE,ITALIA CENTRALE,427,16504,3332,148554,418,30448,373,445,1222,1001,0,202724
45,Massa Carrara,MS,TOSCANA,ITALIA CENTRALE,135,12688,1891,126435,1939,33627,349,228,1173,696,0,179161
46,Lucca,LU,TOSCANA,ITALIA CENTRALE,422,28774,4717,271429,4919,64807,603,377,1661,1094,0,378803
47,Pistoia,PT,TOSCANA,ITALIA CENTRALE,229,21740,3760,200841,1015,30777,276,335,858,669,0,260500
48,Firenze,FI,TOSCANA,ITALIA CENTRALE,3707,112219,16735,867329,2878,170867,1525,2737,2495,1499,0,1181991
49,Livorno,LI,TOSCANA,ITALIA CENTRALE,239,20650,4673,210253,1638,87715,1577,1499,1818,1529,0,331591
50,Pisa,PI,TOSCANA,ITALIA CENTRALE,425,30528,6323,288498,2157,65413,527,563,1555,1168,0,397157
51,Arezzo,AR,TOSCANA,ITALIA CENTRALE,513,26249,5455,247235,1609,46694,792,413,1152,686,0,330798
52,Siena,SI,TOSCANA,ITALIA CENTRALE,270,23958,4627,193143,1492,42217,694,255,871,396,0,267923
53,Grosseto,GR,TOSCANA,ITALIA CENTRALE,166,21235,3120,154224,1373,38268,623,295,636,391,0,220331
54,Perugia,PG,UMBRIA,ITALIA CENTRALE,1196,53355,10351,499353,3357,77803,1862,2068,4713,3256,1,657315
55,Terni,TR,UMBRIA,ITALIA CENTRALE,262,16875,4387,159850,1258,27701,495,793,1422,1052,0,214095
56,Viterbo,VT,LAZIO,ITALIA CENTRALE,386,25519,4802,238453,1432,37293,599,289,1103,624,1,310501
57,Rieti,RI,LAZIO,ITALIA CENTRALE,266,12883,2517,114235,776,17607,510,86,428,241,0,149549
58,Roma,RM,LAZIO,ITALIA CENTRALE,8890,230338,51648,2883714,4683,539821,5622,4708,11449,9134,0,3750007
59,Latina,LT,LAZIO,ITALIA CENTRALE,880,46221,7860,393629,3784,74220,957,1565,3140,2690,0,534946
60,Frosinone,FR,LAZIO,ITALIA CENTRALE,1843,37273,7471,370544,1631,47469,1370,2012,4813,3428,0,477854
61,Caserta,CE,CAMPANIA,ITALIA MERIDIONALE,992,52019,9786,620743,5333,88356,824,1856,5552,4356,0,789817
62,Benevento,BN,CAMPANIA,ITALIA MERIDIONALE,641,26197,4623,192114,1583,25782,712,569,1700,1334,0,255255
63,Napoli,NA,CAMPANIA,ITALIA MERIDIONALE,6403,153981,29118,1891377,12511,410961,1322,7500,13992,12349,2,2539516
64,Avellino,AV,CAMPANIA,ITALIA MERIDIONALE,955,36945,5881,282978,2131,35755,838,1977,3685,3375,1,374521
65,Salerno,SA,CAMPANIA,ITALIA MERIDIONALE,2233,84286,15991,737963,11020,138710,1351,5656,17583,9876,0,1024669
66,L'Aquila,AQ,ABRUZZO,ITALIA MERIDIONALE,603,27527,5466,222259,1485,29266,1208,590,2009,1008,0,291421
67,Teramo,TE,ABRUZZO,ITALIA MERIDIONALE,513,26819,7789,222834,536,37413,772,387,1726,945,0,299734
68,Pescara,PE,ABRUZZO,ITALIA MERIDIONALE,262,23365,3784,207430,676,43879,576,674,1962,1251,1,283860
69,Chieti,CH,ABRUZZO,ITALIA MERIDIONALE,1787,37352,5161,271025,1664,50941,1020,733,3197,2192,0,375072
70,Campobasso,CB,MOLISE,ITALIA MERIDIONALE,860,23327,3844,153850,825,25278,811,643,1416,1077,0,211931
71,Foggia,FG,PUGLIA,ITALIA MERIDIONALE,968,44878,7170,366403,2384,42327,795,1273,5125,3270,0,474593
72,Bari,BA,PUGLIA,ITALIA MERIDIONALE,3465,72636,14777,747061,4715,113643,875,3457,5617,4607,0,970853
73,Taranto,TA,PUGLIA,ITALIA MERIDIONALE,934,30880,5394,358650,3747,51677,477,683,2186,1396,0,456024
74,Brindisi,BR,PUGLIA,ITALIA MERIDIONALE,794,29772,3986,266653,4774,35364,340,884,1804,1331,0,345702
75,Lecce,LE,PUGLIA,ITALIA MERIDIONALE,1208,62434,8421,542699,9866,91783,583,806,2249,1377,0,721426
76,Potenza,PZ,BASILICATA,ITALIA MERIDIONALE,1533,35157,5973,258764,1662,27542,893,719,3319,2074,0,337636
77,Matera,MT,BASILICATA,ITALIA MERIDIONALE,467,18127,2436,132541,1029,17664,387,557,1454,999,0,175661
78,Cosenza,CS,CALABRIA,ITALIA MERIDIONALE,1904,60077,8999,515534,5637,61274,1952,1066,2562,2315,0,661320
79,Catanzaro,CZ,CALABRIA,ITALIA MERIDIONALE,1075,29858,4420,247613,4452,32190,894,611,1754,1440,0,324307
80,Reggio di Calabria,RC,CALABRIA,ITALIA MERIDIONALE,1282,44936,5857,384647,5508,52943,979,1456,3095,2688,0,503391
81,Trapani,TP,SICILIA,ITALIA INSULARE,532,40376,5186,304623,2512,54106,632,1142,2577,1352,0,413038
82,Palermo,PA,SICILIA,ITALIA INSULARE,2491,71338,13591,795286,7442,204309,964,2253,5075,3271,2,1106022
83,Messina,ME,SICILIA,ITALIA INSULARE,1231,46226,6649,435599,7304,108011,1362,1034,2078,1586,0,611080
84,Agrigento,AG,SICILIA,ITALIA INSULARE,708,38799,5512,307182,2781,56502,730,844,1960,1393,0,416411
85,Caltanissetta,CL,SICILIA,ITALIA INSULARE,324,18557,2993,171842,1430,26571,283,680,1893,1163,0,225736
86,Enna,EN,SICILIA,ITALIA INSULARE,341,12745,2007,111226,1269,15045,292,230,443,357,0,143955
87,Catania,CT,SICILIA,ITALIA INSULARE,1702,95012,14918,866968,5977,190289,1415,4497,12173,5765,1,1198717
88,Ragusa,RG,SICILIA,ITALIA INSULARE,266,31681,3880,235402,2337,43465,464,1315,1857,1720,0,322387
89,Siracusa,SR,SICILIA,ITALIA INSULARE,340,31169,4494,280079,2890,65169,463,816,1356,1013,0,387789
90,Sassari,SS,SARDEGNA,ITALIA INSULARE,983,46353,6958,340080,2375,55051,1134,1046,4832,1783,0,460595
91,Nuoro,NU,SARDEGNA,ITALIA INSULARE,300,26608,3013,154207,1446,13405,676,246,1036,550,0,201487
92,Cagliari,CA,SARDEGNA,ITALIA INSULARE,1803,31930,6533,291324,1540,43785,517,1279,3920,1822,0,384453
93,Pordenone,PN,FRIULI VENEZIA GIULIA,ITALIA NORD-ORIENTALE,451,23355,6743,223868,517,31335,610,357,1506,897,0,289639
94,Isernia,IS,MOLISE,ITALIA MERIDIONALE,270,11282,2007,66965,586,10126,437,239,889,640,0,93441
95,Oristano,OR,SARDEGNA,ITALIA INSULARE,199,15945,2663,107445,1356,11933,295,272,1191,506,0,141805
96,Biella,BI,PIEMONTE,ITALIA NORD-OCCIDENTALE,263,14164,3064,130449,630,22523,333,82,490,272,0,172270
97,Lecco,LC,LOMBARDIA,ITALIA NORD-OCCIDENTALE,298,23438,4045,224713,739,46310,688,354,1640,882,0,303107
98,Lodi,LO,LOMBARDIA,ITALIA NORD-OCCIDENTALE,463,12493,2368,147373,154,22473,227,511,788,796,0,187646
99,Rimini,RN,EMILIA ROMAGNA,ITALIA NORD-ORIENTALE,708,24711,5258,230243,1032,78078,626,355,1049,780,0,342840
100,Prato,PO,TOSCANA,ITALIA CENTRALE,70,19752,3017,163519,617,26711,229,227,684,514,0,215340
101,Crotone,KR,CALABRIA,ITALIA MERIDIONALE,411,16802,2018,113283,2309,11566,490,337,1581,994,0,149791
102,Vibo Valentia,VV,CALABRIA,ITALIA MERIDIONALE,354,15011,1903,115437,2115,13808,412,352,730,626,0,150748
103,Verbano-Cusio-Ossola,VB,PIEMONTE,ITALIA NORD-OCCIDENTALE,159,13671,1912,109059,827,23359,363,97,459,261,0,150167
108,Monza e della Brianza,MB,LOMBARDIA,ITALIA NORD-OCCIDENTALE,298,50291,10090,589107,590,103409,659,1112,2578,1870,0,760004
109,Fermo,FM,MARCHE,ITALIA CENTRALE,526,14814,2479,125739,351,20371,341,204,779,351,0,165955
110,Barletta-Andria-Trani,BT,PUGLIA,ITALIA MERIDIONALE,424,21741,3843,234092,1422,33817,141,953,1596,1598,1,299628
111,Sud Sardegna,SU,SARDEGNA,ITALIA INSULARE,459,32385,4855,229770,3753,24848,1045,709,1881,877,1,300583